{
	"class_name" : "PinholeCameraParameters",
	"extrinsic" : 
	[
		0.30420641280482907,
		-0.09691581362417101,
		0.94766332812765475,
		0.0,
		-0.94839582714288295,
		-0.12424015682990994,
		0.29173573399370623,
		0.0,
		0.089464034485289459,
		-0.98750782705781348,
		-0.12970920566085742,
		0.0,
		-1.6907741493412145,
		0.46889161460416817,
		14.152384266091707,
		1.0
	],
	"intrinsic" : 
	{
		"height" : 1080,
		"intrinsic_matrix" : 
		[
			935.30743608719376,
			0.0,
			0.0,
			0.0,
			935.30743608719376,
			0.0,
			959.5,
			539.5,
			1.0
		],
		"width" : 1920
	},
	"version_major" : 1,
	"version_minor" : 0
}