{
	"class_name" : "PinholeCameraParameters",
	"extrinsic" : 
	[
		0.87763800823489968,
		0.47552028725793,
		-0.060265934885423124,
		0.0,
		-0.47028777402385313,
		0.82996080403332206,
		-0.29999078881200847,
		0.0,
		-0.092633342297293669,
		0.29162565074851959,
		0.9520365243625557,
		0.0,
		-0.48782280628515329,
		-0.25334089654311231,
		9.7530318435166148,
		1.0
	],
	"intrinsic" : 
	{
		"height" : 1080,
		"intrinsic_matrix" : 
		[
			935.30743608719376,
			0.0,
			0.0,
			0.0,
			935.30743608719376,
			0.0,
			959.5,
			539.5,
			1.0
		],
		"width" : 1920
	},
	"version_major" : 1,
	"version_minor" : 0
}